study,Mutation,DDG,Dtm,Tm mut,Tm WT,DG mut,DG WT
Deng,V31R,0.85,3.2,0,0,0,0
Deng,E48L,0.08,0.3,0,0,0,0
Deng,F60Y,0.68,2.6,0,0,0,0
Deng,G78A,0.39,1.5,0,0,0,0
Deng,S82H,0.58,2.2,0,0,0,0
Deng,G92D,1.09,4.1,0,0,0,0
Wang,E104K,-0.22,-0.5,0,0,0,0
Wang,R164H,-1.12,-2.6,0,0,0,0
Wang,R164S,-0.73,-1.7,0,0,0,0
Wang,D179G,-4.04,-9.4,0,0,0,0
Wang,D179N,-2.06,-4.8,0,0,0,0
Wang,G238A,-1.76,-4.1,0,0,0,0
Wang,G238S,-1.94,-4.5,0,0,0,0
Kather,L201P,1.9,1.4,52.2,50.8,3.3,1.4
Kather,P62S,1.8,1,51.8,50.8,3.2,1.4
Kather,I247V,0.6,0.4,51.2,50.8,2,1.4
Kather,V80I,1.3,0.8,51.6,50.8,2.7,1.4
Kather,A224T,-1,-0.5,50.3,50.8,0.4,1.4
Kather,I208M,1.7,1,51.8,50.8,3.1,1.4
Kather,M182T,9,5.7,56.5,50.8,10.4,1.4
Kather,A224V,5,3.1,53.9,50.8,6.4,1.4
Kather,K146R,-0.6,-0.3,50.5,50.8,0.8,1.4
Kather,E240H,0.5,0.3,51.1,50.8,1.9,1.4
Kather,E147G,4.6,2.4,53.2,50.8,6,1.4
Kather,R275L,7.9,5,55.8,50.8,9.3,1.4
Kather,P27S,-3.4,-2,48.8,50.8,-2,1.4
Kather,S223W,-4,-2.4,48.4,50.8,-2.6,1.4
Raquet,E104K,0.64,1.7,52.3,50.6,0,0
Raquet,G238S,-1.25,-4.4,46.2,50.6,0,0
Raquet,R164H,-0.17,-0.6,50,50.6,0,0
Raquet,R164S,-0.61,-1.8,48.8,50.6,0,0
Raquet,S235A,0.58,1.6,52.2,50.6,0,0
